No,Source Path,Reason,Duplicate Of,Hash,Risk,Decision
1,C:\Users\jichu\Downloads\주식\stock_rtx4060_algo_v2\backtester.py,Superseded by active integrated package under workspaces/stock_rtx4060,C:\Users\jichu\Downloads\주식\stock_rtx4060_algo_v2_bundle\stock_rtx4060_algo_v2\backtester.py,971f7e2a7443bfd703260ed06d9d85df8269b6eaedb1d90d9e0e5396acc00542,AMBER,EXCLUDED_FROM_UNIFIED
2,C:\Users\jichu\Downloads\주식\stock_rtx4060_algo_v2\CHANGELOG_RECOMMENDATION_PATCH.md,Content summarized into unified docs or audit reports,C:\Users\jichu\Downloads\주식\stock_rtx4060_algo_v2_bundle\stock_rtx4060_algo_v2\CHANGELOG_RECOMMENDATION_PATCH.md,aa8bf77d7306677c60ebd449fa1af53115d32fb44ba931aba4c173105aa746cd,LOW,MERGED
3,C:\Users\jichu\Downloads\주식\stock_rtx4060_algo_v2\DOC_REVIEW_AND_INSERTION.md,Content summarized into unified docs or audit reports,C:\Users\jichu\Downloads\주식\stock_rtx4060_algo_v2_bundle\stock_rtx4060_algo_v2\DOC_REVIEW_AND_INSERTION.md,70db537b390bbd556b79bc18d9ebfd39354e1ae94d4a821eee92171195f045c1,LOW,MERGED
4,C:\Users\jichu\Downloads\주식\stock_rtx4060_algo_v2\ensemble_model.py,Superseded by active integrated package under workspaces/stock_rtx4060,C:\Users\jichu\Downloads\주식\stock_rtx4060_algo_v2_bundle\stock_rtx4060_algo_v2\ensemble_model.py,160d82c2d50bb68aa21df99ef331599258721af11e798429389e7c46dec3fa4a,AMBER,EXCLUDED_FROM_UNIFIED
5,C:\Users\jichu\Downloads\주식\stock_rtx4060_algo_v2\feature_engine.py,Superseded by active integrated package under workspaces/stock_rtx4060,C:\Users\jichu\Downloads\주식\stock_rtx4060_algo_v2_bundle\stock_rtx4060_algo_v2\feature_engine.py,6bf316a59e3a96c1432da707da07791f5777f1bd6e4dc19afdba79b1518189f6,AMBER,EXCLUDED_FROM_UNIFIED
6,C:\Users\jichu\Downloads\주식\stock_rtx4060_algo_v2\hw_profile.py,Superseded by active integrated package under workspaces/stock_rtx4060,C:\Users\jichu\Downloads\주식\stock_rtx4060_algo_v2_bundle\stock_rtx4060_algo_v2\hw_profile.py,22de80c2fe926f63f6aff6b251893e0c48de98931f69bd92f8e431b8d23dbe12,AMBER,EXCLUDED_FROM_UNIFIED
7,C:\Users\jichu\Downloads\주식\stock_rtx4060_algo_v2\main.py,Superseded by active integrated package under workspaces/stock_rtx4060,C:\Users\jichu\Downloads\주식\stock_rtx4060_algo_v2_bundle\stock_rtx4060_algo_v2\main.py,645c79f0b15c469e2b52c7f7a1a9d3ccf0598e6984d5e113a4ca62970d9ea21a,AMBER,EXCLUDED_FROM_UNIFIED
8,C:\Users\jichu\Downloads\주식\stock_rtx4060_algo_v2\pyproject.toml,Content summarized into unified docs or audit reports,C:\Users\jichu\Downloads\주식\stock_rtx4060_algo_v2_bundle\stock_rtx4060_algo_v2\pyproject.toml,9f62e4fb561a1976683d5935f7ec641e40cc6486e2ee433ddc4bdb0a6c8d33c6,LOW,MERGED
9,C:\Users\jichu\Downloads\주식\stock_rtx4060_algo_v2\README.md,Content summarized into unified docs or audit reports,C:\Users\jichu\Downloads\주식\stock_rtx4060_algo_v2_bundle\stock_rtx4060_algo_v2\README.md,0611c91799ad73516ac4d97a4543c160278655c1c0ce4da59cc51456b6f82742,LOW,MERGED
10,C:\Users\jichu\Downloads\주식\stock_rtx4060_algo_v2\recommendation_engine.py,Superseded by active integrated package under workspaces/stock_rtx4060,C:\Users\jichu\Downloads\주식\stock_rtx4060_algo_v2_bundle\stock_rtx4060_algo_v2\recommendation_engine.py,f7a02b42b2e2f1c813dbd6c7f5f74d861da3c2481411569183ed2a96f8110aa8,AMBER,EXCLUDED_FROM_UNIFIED
11,C:\Users\jichu\Downloads\주식\stock_rtx4060_algo_v2\requirements-gpu-wsl2.txt,Content summarized into unified docs or audit reports,C:\Users\jichu\Downloads\주식\stock_rtx4060_algo_v2_bundle\stock_rtx4060_algo_v2\requirements-gpu-wsl2.txt,62c8004786e02e163b9a647800b81388df020c00179aed0c6f3133aac69febfe,LOW,MERGED
12,C:\Users\jichu\Downloads\주식\stock_rtx4060_algo_v2\requirements.txt,Content summarized into unified docs or audit reports,C:\Users\jichu\Downloads\주식\stock_rtx4060_algo_v2_bundle\stock_rtx4060_algo_v2\requirements.txt,e5e89d16100f230516c2599ca5e28c393d985b2d9bcf709a4aafb0d0339e0097,LOW,MERGED
13,C:\Users\jichu\Downloads\주식\stock_rtx4060_algo_v2\.pytest_cache\.gitignore,Cache/build artifact excluded after inventory,,e7c6bb30148cf667606dcd63e7ca77acaa3cfb0c8303bf09e6419e1e1669dc6d,LOW,EXCLUDED_FROM_UNIFIED
14,C:\Users\jichu\Downloads\주식\stock_rtx4060_algo_v2\.pytest_cache\CACHEDIR.TAG,Cache/build artifact excluded after inventory,C:\Users\jichu\Downloads\주식\stock_rtx4060_recommendation_patch\.pytest_cache\CACHEDIR.TAG,37dc88ef9a0abeddbe81053a6dd8fdfb13afb613045ea1eb4a5c815a74a3bde4,LOW,EXCLUDED_FROM_UNIFIED
15,C:\Users\jichu\Downloads\주식\stock_rtx4060_algo_v2\.pytest_cache\README.md,Cache/build artifact excluded after inventory,,420e808d79a6c25d3cda0af33bc4782314a14949866682c68ce8149e89b66b70,LOW,EXCLUDED_FROM_UNIFIED
16,C:\Users\jichu\Downloads\주식\stock_rtx4060_algo_v2\docs\CROSS_CHECK_2026.md,Content summarized into unified docs or audit reports,C:\Users\jichu\Downloads\주식\stock_rtx4060_algo_v2_bundle\stock_rtx4060_algo_v2\docs\CROSS_CHECK_2026.md,13470d9d3dc5455b19fa6fc24a35c3f82918c7a5d3e971ff6ef70b27d89e4770,LOW,MERGED
17,C:\Users\jichu\Downloads\주식\stock_rtx4060_algo_v2\recommendation_reports\recommendations_algo_v2_20260502_161939.json,Runtime/generated output; audit report records source instead,C:\Users\jichu\Downloads\주식\stock_rtx4060_algo_v2_bundle\stock_rtx4060_algo_v2\recommendation_reports\recommendations_algo_v2_20260502_161939.json,2764cd5b9f6d5ffb9a031e054c02fae39c7a292422423458db943440c0c987c2,LOW,EXCLUDED_FROM_UNIFIED
18,C:\Users\jichu\Downloads\주식\stock_rtx4060_algo_v2\recommendation_reports\recommendations_algo_v2_20260502_161939.md,Runtime/generated output; audit report records source instead,C:\Users\jichu\Downloads\주식\stock_rtx4060_algo_v2_bundle\stock_rtx4060_algo_v2\recommendation_reports\recommendations_algo_v2_20260502_161939.md,a26ec208c54c561bb7fb20d6e1067f506689cdb87d8a72169841db5003dfb977,LOW,EXCLUDED_FROM_UNIFIED
19,C:\Users\jichu\Downloads\주식\stock_rtx4060_algo_v2\recommendation_reports\recommendations_algo_v2_20260502_161955.json,Runtime/generated output; audit report records source instead,C:\Users\jichu\Downloads\주식\stock_rtx4060_algo_v2_bundle\stock_rtx4060_algo_v2\recommendation_reports\recommendations_algo_v2_20260502_161955.json,da7380537d2dec598db0062058f70fdf45b82570c301cab169ebf544f4a3c24a,LOW,EXCLUDED_FROM_UNIFIED
20,C:\Users\jichu\Downloads\주식\stock_rtx4060_algo_v2\recommendation_reports\recommendations_algo_v2_20260502_161955.md,Runtime/generated output; audit report records source instead,C:\Users\jichu\Downloads\주식\stock_rtx4060_algo_v2_bundle\stock_rtx4060_algo_v2\recommendation_reports\recommendations_algo_v2_20260502_161955.md,0a2862a917a2ae227ca31a05e089e939c7621ce47b2187be9dab84c0da9e5f94,LOW,EXCLUDED_FROM_UNIFIED
21,C:\Users\jichu\Downloads\주식\stock_rtx4060_algo_v2\recommendation_reports\recommendations_algo_v2_20260502_162042.json,Runtime/generated output; audit report records source instead,C:\Users\jichu\Downloads\주식\stock_rtx4060_algo_v2_bundle\stock_rtx4060_algo_v2\recommendation_reports\recommendations_algo_v2_20260502_162042.json,179c6bc533d639048efd8c81765dbfb9854d0b879e0e320c28d8b2ff777a7652,LOW,EXCLUDED_FROM_UNIFIED
22,C:\Users\jichu\Downloads\주식\stock_rtx4060_algo_v2\recommendation_reports\recommendations_algo_v2_20260502_162042.md,Runtime/generated output; audit report records source instead,C:\Users\jichu\Downloads\주식\stock_rtx4060_algo_v2_bundle\stock_rtx4060_algo_v2\recommendation_reports\recommendations_algo_v2_20260502_162042.md,0b1368a116db54d278fba016baee6e93440e41d651a6e5e47ed2b5b7680da56c,LOW,EXCLUDED_FROM_UNIFIED
23,C:\Users\jichu\Downloads\주식\stock_rtx4060_algo_v2\reports\benchmark_algo_v2_20260502_161729.json,Runtime/generated output; audit report records source instead,C:\Users\jichu\Downloads\주식\stock_rtx4060_algo_v2_bundle\stock_rtx4060_algo_v2\reports\benchmark_algo_v2_20260502_161729.json,6ae383a8bc5ee320bb26a5355c1e25edb33bd9f37cc27473215f4d65b18996e0,LOW,EXCLUDED_FROM_UNIFIED
24,C:\Users\jichu\Downloads\주식\stock_rtx4060_algo_v2\reports\benchmark_algo_v2_20260502_161729.md,Runtime/generated output; audit report records source instead,C:\Users\jichu\Downloads\주식\stock_rtx4060_algo_v2_bundle\stock_rtx4060_algo_v2\reports\benchmark_algo_v2_20260502_161729.md,c04d97fec3d74cb543b097a7fddc33af9eb5f94dcbb9df69c7ee0f414a98c0e1,LOW,EXCLUDED_FROM_UNIFIED
25,C:\Users\jichu\Downloads\주식\stock_rtx4060_algo_v2\reports\benchmark_algo_v2_20260502_161807.json,Runtime/generated output; audit report records source instead,C:\Users\jichu\Downloads\주식\stock_rtx4060_algo_v2_bundle\stock_rtx4060_algo_v2\reports\benchmark_algo_v2_20260502_161807.json,b2ac9d001e5677bf838151566f7c9d1c3ad2f8adaf4782e8b3626d301d2668d8,LOW,EXCLUDED_FROM_UNIFIED
26,C:\Users\jichu\Downloads\주식\stock_rtx4060_algo_v2\reports\benchmark_algo_v2_20260502_161807.md,Runtime/generated output; audit report records source instead,C:\Users\jichu\Downloads\주식\stock_rtx4060_algo_v2_bundle\stock_rtx4060_algo_v2\reports\benchmark_algo_v2_20260502_161807.md,2ba2b35d6ac87df0140bd0d3fd25c2d2f4d7f35aebec8cb4a6af7e3142a5d0c7,LOW,EXCLUDED_FROM_UNIFIED
27,C:\Users\jichu\Downloads\주식\stock_rtx4060_algo_v2\tests\test_algorithm_v2.py,Superseded by active integrated package under workspaces/stock_rtx4060,C:\Users\jichu\Downloads\주식\stock_rtx4060_algo_v2_bundle\stock_rtx4060_algo_v2\tests\test_algorithm_v2.py,90495bfe4c277654565175ee9a44b1f5853a5a74c492aba2e83f64cb700a0b3a,AMBER,EXCLUDED_FROM_UNIFIED
28,C:\Users\jichu\Downloads\주식\stock_rtx4060_algo_v2\__pycache__\backtester.cpython-312.pyc,Cache/build artifact excluded after inventory,,36fb98d8fabc4cb354d4ec288659634d83d4f3ffa4813a450e2adcb23537dada,LOW,EXCLUDED_FROM_UNIFIED
29,C:\Users\jichu\Downloads\주식\stock_rtx4060_algo_v2\__pycache__\ensemble_model.cpython-312.pyc,Cache/build artifact excluded after inventory,,d2abe25bb07a78580d21b4bffafafc7d77f9ca64095ac7f249cf152e84c4a930,LOW,EXCLUDED_FROM_UNIFIED
30,C:\Users\jichu\Downloads\주식\stock_rtx4060_algo_v2\__pycache__\feature_engine.cpython-312.pyc,Cache/build artifact excluded after inventory,,77e2fecc054a4e51c495f776a7618f6cad93824ed1aac10161e6e793036adc39,LOW,EXCLUDED_FROM_UNIFIED
31,C:\Users\jichu\Downloads\주식\stock_rtx4060_algo_v2\__pycache__\hw_profile.cpython-312.pyc,Cache/build artifact excluded after inventory,,b41d19821831f5f063ef1a6feca788d68bc36ea9f0e368c73c2f0ba52adafc71,LOW,EXCLUDED_FROM_UNIFIED
32,C:\Users\jichu\Downloads\주식\stock_rtx4060_algo_v2\__pycache__\main.cpython-312-pytest-8.3.5.pyc,Cache/build artifact excluded after inventory,,5df25cc63ac31014b5b299d9ddde700b4e04060e43ce931eae037815be1875fc,LOW,EXCLUDED_FROM_UNIFIED
33,C:\Users\jichu\Downloads\주식\stock_rtx4060_algo_v2\__pycache__\recommendation_engine.cpython-312.pyc,Cache/build artifact excluded after inventory,,736b804f81d3002582d4668180c91c0e8e52184c75b72733cce2c8b75a3de835,LOW,EXCLUDED_FROM_UNIFIED
34,C:\Users\jichu\Downloads\주식\stock_rtx4060_algo_v2\.pytest_cache\v\cache\nodeids,Cache/build artifact excluded after inventory,,87f0e2ebd7dea8f1e637669d9d1b547f15b17e9990408771cbb6228c8ce48c2f,LOW,EXCLUDED_FROM_UNIFIED
35,C:\Users\jichu\Downloads\주식\stock_rtx4060_algo_v2\.pytest_cache\v\cache\stepwise,Cache/build artifact excluded after inventory,,4f53cda18c2baa0c0354bb5f9a3ecbe5ed12ab4d8e11ba873c2f11161202b945,LOW,EXCLUDED_FROM_UNIFIED
36,C:\Users\jichu\Downloads\주식\stock_rtx4060_algo_v2\tests\__pycache__\test_algorithm_v2.cpython-312-pytest-8.3.5.pyc,Cache/build artifact excluded after inventory,,981d63c4f3fe5df00044dff719d6c6201ac4e47452a0e0e943c6a89271f0d61f,LOW,EXCLUDED_FROM_UNIFIED
37,C:\Users\jichu\Downloads\주식\stock_rtx4060_algo_v2_bundle\stock_rtx4060_algo_v2\ALGORITHM_PATCH_REPORT_2026.md,Bundle exact duplicate of non-bundle source,C:\Users\jichu\Downloads\주식\stock_rtx4060_algo_v2\ALGORITHM_PATCH_REPORT_2026.md,ccdd6af426040f18940166efd5140c266c0ea1925207d6e264c46bf24eb374e9,LOW,EXCLUDED_FROM_UNIFIED
38,C:\Users\jichu\Downloads\주식\stock_rtx4060_algo_v2_bundle\stock_rtx4060_algo_v2\backtester.py,Bundle exact duplicate of non-bundle source,C:\Users\jichu\Downloads\주식\stock_rtx4060_algo_v2\backtester.py,971f7e2a7443bfd703260ed06d9d85df8269b6eaedb1d90d9e0e5396acc00542,LOW,EXCLUDED_FROM_UNIFIED
39,C:\Users\jichu\Downloads\주식\stock_rtx4060_algo_v2_bundle\stock_rtx4060_algo_v2\CHANGELOG_RECOMMENDATION_PATCH.md,Bundle exact duplicate of non-bundle source,C:\Users\jichu\Downloads\주식\stock_rtx4060_algo_v2\CHANGELOG_RECOMMENDATION_PATCH.md,aa8bf77d7306677c60ebd449fa1af53115d32fb44ba931aba4c173105aa746cd,LOW,EXCLUDED_FROM_UNIFIED
40,C:\Users\jichu\Downloads\주식\stock_rtx4060_algo_v2_bundle\stock_rtx4060_algo_v2\DOC_REVIEW_AND_INSERTION.md,Bundle exact duplicate of non-bundle source,C:\Users\jichu\Downloads\주식\stock_rtx4060_algo_v2\DOC_REVIEW_AND_INSERTION.md,70db537b390bbd556b79bc18d9ebfd39354e1ae94d4a821eee92171195f045c1,LOW,EXCLUDED_FROM_UNIFIED
41,C:\Users\jichu\Downloads\주식\stock_rtx4060_algo_v2_bundle\stock_rtx4060_algo_v2\ensemble_model.py,Bundle exact duplicate of non-bundle source,C:\Users\jichu\Downloads\주식\stock_rtx4060_algo_v2\ensemble_model.py,160d82c2d50bb68aa21df99ef331599258721af11e798429389e7c46dec3fa4a,LOW,EXCLUDED_FROM_UNIFIED
42,C:\Users\jichu\Downloads\주식\stock_rtx4060_algo_v2_bundle\stock_rtx4060_algo_v2\feature_engine.py,Bundle exact duplicate of non-bundle source,C:\Users\jichu\Downloads\주식\stock_rtx4060_algo_v2\feature_engine.py,6bf316a59e3a96c1432da707da07791f5777f1bd6e4dc19afdba79b1518189f6,LOW,EXCLUDED_FROM_UNIFIED
43,C:\Users\jichu\Downloads\주식\stock_rtx4060_algo_v2_bundle\stock_rtx4060_algo_v2\hw_profile.py,Bundle exact duplicate of non-bundle source,C:\Users\jichu\Downloads\주식\stock_rtx4060_algo_v2\hw_profile.py,22de80c2fe926f63f6aff6b251893e0c48de98931f69bd92f8e431b8d23dbe12,LOW,EXCLUDED_FROM_UNIFIED
44,C:\Users\jichu\Downloads\주식\stock_rtx4060_algo_v2_bundle\stock_rtx4060_algo_v2\main.py,Bundle exact duplicate of non-bundle source,C:\Users\jichu\Downloads\주식\stock_rtx4060_algo_v2\main.py,645c79f0b15c469e2b52c7f7a1a9d3ccf0598e6984d5e113a4ca62970d9ea21a,LOW,EXCLUDED_FROM_UNIFIED
45,C:\Users\jichu\Downloads\주식\stock_rtx4060_algo_v2_bundle\stock_rtx4060_algo_v2\pyproject.toml,Bundle exact duplicate of non-bundle source,C:\Users\jichu\Downloads\주식\stock_rtx4060_algo_v2\pyproject.toml,9f62e4fb561a1976683d5935f7ec641e40cc6486e2ee433ddc4bdb0a6c8d33c6,LOW,EXCLUDED_FROM_UNIFIED
46,C:\Users\jichu\Downloads\주식\stock_rtx4060_algo_v2_bundle\stock_rtx4060_algo_v2\README.md,Bundle exact duplicate of non-bundle source,C:\Users\jichu\Downloads\주식\stock_rtx4060_algo_v2\README.md,0611c91799ad73516ac4d97a4543c160278655c1c0ce4da59cc51456b6f82742,LOW,EXCLUDED_FROM_UNIFIED
47,C:\Users\jichu\Downloads\주식\stock_rtx4060_algo_v2_bundle\stock_rtx4060_algo_v2\recommendation_engine.py,Bundle exact duplicate of non-bundle source,C:\Users\jichu\Downloads\주식\stock_rtx4060_algo_v2\recommendation_engine.py,f7a02b42b2e2f1c813dbd6c7f5f74d861da3c2481411569183ed2a96f8110aa8,LOW,EXCLUDED_FROM_UNIFIED
48,C:\Users\jichu\Downloads\주식\stock_rtx4060_algo_v2_bundle\stock_rtx4060_algo_v2\requirements-gpu-wsl2.txt,Bundle exact duplicate of non-bundle source,C:\Users\jichu\Downloads\주식\stock_rtx4060_algo_v2\requirements-gpu-wsl2.txt,62c8004786e02e163b9a647800b81388df020c00179aed0c6f3133aac69febfe,LOW,EXCLUDED_FROM_UNIFIED
49,C:\Users\jichu\Downloads\주식\stock_rtx4060_algo_v2_bundle\stock_rtx4060_algo_v2\requirements.txt,Bundle exact duplicate of non-bundle source,C:\Users\jichu\Downloads\주식\stock_rtx4060_algo_v2\requirements.txt,e5e89d16100f230516c2599ca5e28c393d985b2d9bcf709a4aafb0d0339e0097,LOW,EXCLUDED_FROM_UNIFIED
50,C:\Users\jichu\Downloads\주식\stock_rtx4060_algo_v2_bundle\stock_rtx4060_algo_v2\VALIDATION_LOG_ALGO_V2.txt,Bundle exact duplicate of non-bundle source,C:\Users\jichu\Downloads\주식\stock_rtx4060_algo_v2\VALIDATION_LOG_ALGO_V2.txt,f4f0ed760c27e5dedfd02f3b9356af44ab833a8c58d2d8e691b1f187a8d99820,LOW,EXCLUDED_FROM_UNIFIED
51,C:\Users\jichu\Downloads\주식\stock_rtx4060_algo_v2_bundle\stock_rtx4060_algo_v2\docs\CROSS_CHECK_2026.md,Bundle exact duplicate of non-bundle source,C:\Users\jichu\Downloads\주식\stock_rtx4060_algo_v2\docs\CROSS_CHECK_2026.md,13470d9d3dc5455b19fa6fc24a35c3f82918c7a5d3e971ff6ef70b27d89e4770,LOW,EXCLUDED_FROM_UNIFIED
52,C:\Users\jichu\Downloads\주식\stock_rtx4060_algo_v2_bundle\stock_rtx4060_algo_v2\recommendation_reports\recommendations_algo_v2_20260502_161939.json,Bundle exact duplicate of non-bundle source,C:\Users\jichu\Downloads\주식\stock_rtx4060_algo_v2\recommendation_reports\recommendations_algo_v2_20260502_161939.json,2764cd5b9f6d5ffb9a031e054c02fae39c7a292422423458db943440c0c987c2,LOW,EXCLUDED_FROM_UNIFIED
53,C:\Users\jichu\Downloads\주식\stock_rtx4060_algo_v2_bundle\stock_rtx4060_algo_v2\recommendation_reports\recommendations_algo_v2_20260502_161939.md,Bundle exact duplicate of non-bundle source,C:\Users\jichu\Downloads\주식\stock_rtx4060_algo_v2\recommendation_reports\recommendations_algo_v2_20260502_161939.md,a26ec208c54c561bb7fb20d6e1067f506689cdb87d8a72169841db5003dfb977,LOW,EXCLUDED_FROM_UNIFIED
54,C:\Users\jichu\Downloads\주식\stock_rtx4060_algo_v2_bundle\stock_rtx4060_algo_v2\recommendation_reports\recommendations_algo_v2_20260502_161955.json,Bundle exact duplicate of non-bundle source,C:\Users\jichu\Downloads\주식\stock_rtx4060_algo_v2\recommendation_reports\recommendations_algo_v2_20260502_161955.json,da7380537d2dec598db0062058f70fdf45b82570c301cab169ebf544f4a3c24a,LOW,EXCLUDED_FROM_UNIFIED
55,C:\Users\jichu\Downloads\주식\stock_rtx4060_algo_v2_bundle\stock_rtx4060_algo_v2\recommendation_reports\recommendations_algo_v2_20260502_161955.md,Bundle exact duplicate of non-bundle source,C:\Users\jichu\Downloads\주식\stock_rtx4060_algo_v2\recommendation_reports\recommendations_algo_v2_20260502_161955.md,0a2862a917a2ae227ca31a05e089e939c7621ce47b2187be9dab84c0da9e5f94,LOW,EXCLUDED_FROM_UNIFIED
56,C:\Users\jichu\Downloads\주식\stock_rtx4060_algo_v2_bundle\stock_rtx4060_algo_v2\recommendation_reports\recommendations_algo_v2_20260502_162042.json,Bundle exact duplicate of non-bundle source,C:\Users\jichu\Downloads\주식\stock_rtx4060_algo_v2\recommendation_reports\recommendations_algo_v2_20260502_162042.json,179c6bc533d639048efd8c81765dbfb9854d0b879e0e320c28d8b2ff777a7652,LOW,EXCLUDED_FROM_UNIFIED
57,C:\Users\jichu\Downloads\주식\stock_rtx4060_algo_v2_bundle\stock_rtx4060_algo_v2\recommendation_reports\recommendations_algo_v2_20260502_162042.md,Bundle exact duplicate of non-bundle source,C:\Users\jichu\Downloads\주식\stock_rtx4060_algo_v2\recommendation_reports\recommendations_algo_v2_20260502_162042.md,0b1368a116db54d278fba016baee6e93440e41d651a6e5e47ed2b5b7680da56c,LOW,EXCLUDED_FROM_UNIFIED
58,C:\Users\jichu\Downloads\주식\stock_rtx4060_algo_v2_bundle\stock_rtx4060_algo_v2\reports\benchmark_algo_v2_20260502_161729.json,Bundle exact duplicate of non-bundle source,C:\Users\jichu\Downloads\주식\stock_rtx4060_algo_v2\reports\benchmark_algo_v2_20260502_161729.json,6ae383a8bc5ee320bb26a5355c1e25edb33bd9f37cc27473215f4d65b18996e0,LOW,EXCLUDED_FROM_UNIFIED
59,C:\Users\jichu\Downloads\주식\stock_rtx4060_algo_v2_bundle\stock_rtx4060_algo_v2\reports\benchmark_algo_v2_20260502_161729.md,Bundle exact duplicate of non-bundle source,C:\Users\jichu\Downloads\주식\stock_rtx4060_algo_v2\reports\benchmark_algo_v2_20260502_161729.md,c04d97fec3d74cb543b097a7fddc33af9eb5f94dcbb9df69c7ee0f414a98c0e1,LOW,EXCLUDED_FROM_UNIFIED
60,C:\Users\jichu\Downloads\주식\stock_rtx4060_algo_v2_bundle\stock_rtx4060_algo_v2\reports\benchmark_algo_v2_20260502_161807.json,Bundle exact duplicate of non-bundle source,C:\Users\jichu\Downloads\주식\stock_rtx4060_algo_v2\reports\benchmark_algo_v2_20260502_161807.json,b2ac9d001e5677bf838151566f7c9d1c3ad2f8adaf4782e8b3626d301d2668d8,LOW,EXCLUDED_FROM_UNIFIED
61,C:\Users\jichu\Downloads\주식\stock_rtx4060_algo_v2_bundle\stock_rtx4060_algo_v2\reports\benchmark_algo_v2_20260502_161807.md,Bundle exact duplicate of non-bundle source,C:\Users\jichu\Downloads\주식\stock_rtx4060_algo_v2\reports\benchmark_algo_v2_20260502_161807.md,2ba2b35d6ac87df0140bd0d3fd25c2d2f4d7f35aebec8cb4a6af7e3142a5d0c7,LOW,EXCLUDED_FROM_UNIFIED
62,C:\Users\jichu\Downloads\주식\stock_rtx4060_algo_v2_bundle\stock_rtx4060_algo_v2\tests\test_algorithm_v2.py,Bundle exact duplicate of non-bundle source,C:\Users\jichu\Downloads\주식\stock_rtx4060_algo_v2\tests\test_algorithm_v2.py,90495bfe4c277654565175ee9a44b1f5853a5a74c492aba2e83f64cb700a0b3a,LOW,EXCLUDED_FROM_UNIFIED
63,C:\Users\jichu\Downloads\주식\stock_rtx4060_recommendation_patch\backtester.py,Superseded by active integrated package under workspaces/stock_rtx4060,,8d5486c7ce403dff03f8f2c49632bfdbfa2e7d0eef471a8c0a545fef910af5e4,AMBER,EXCLUDED_FROM_UNIFIED
64,C:\Users\jichu\Downloads\주식\stock_rtx4060_recommendation_patch\CHANGELOG_RECOMMENDATION_PATCH.md,Content summarized into unified docs or audit reports,C:\Users\jichu\Downloads\주식\stock_rtx4060_algo_v2\CHANGELOG_RECOMMENDATION_PATCH.md,aa8bf77d7306677c60ebd449fa1af53115d32fb44ba931aba4c173105aa746cd,LOW,MERGED
65,C:\Users\jichu\Downloads\주식\stock_rtx4060_recommendation_patch\DOC_REVIEW_AND_INSERTION.md,Content summarized into unified docs or audit reports,C:\Users\jichu\Downloads\주식\stock_rtx4060_algo_v2\DOC_REVIEW_AND_INSERTION.md,70db537b390bbd556b79bc18d9ebfd39354e1ae94d4a821eee92171195f045c1,LOW,MERGED
66,C:\Users\jichu\Downloads\주식\stock_rtx4060_recommendation_patch\ensemble_model.py,Superseded by active integrated package under workspaces/stock_rtx4060,,e1cf6493fc7439db64f890d40776084f9e186dd732d52f9232066a57e6ac90df,AMBER,EXCLUDED_FROM_UNIFIED
67,C:\Users\jichu\Downloads\주식\stock_rtx4060_recommendation_patch\feature_engine.py,Superseded by active integrated package under workspaces/stock_rtx4060,,285aa6cff46b68c512a4dee99853c12da2119c918662423b070128f7e47dff0e,AMBER,EXCLUDED_FROM_UNIFIED
68,C:\Users\jichu\Downloads\주식\stock_rtx4060_recommendation_patch\hw_profile.py,Superseded by active integrated package under workspaces/stock_rtx4060,,268f01cf61619398efece3f8d900a7433c52a105385ef86528209d003d43f657,AMBER,EXCLUDED_FROM_UNIFIED
69,C:\Users\jichu\Downloads\주식\stock_rtx4060_recommendation_patch\main.py,Superseded by active integrated package under workspaces/stock_rtx4060,,d4d92646e00aeec0410130e37309e67fa8898185fc67b14a3c5e07a440fb51a6,AMBER,EXCLUDED_FROM_UNIFIED
70,C:\Users\jichu\Downloads\주식\stock_rtx4060_recommendation_patch\RECOMMENDATION_ENGINE.md,"Useful legacy reference, but CLI form differs from active unified code",,5063c414511301591f3a61e5551ebf8e1c04769e14e718bf9ef39dfdb1559055,AMBER,REVIEW_NEEDED
71,C:\Users\jichu\Downloads\주식\stock_rtx4060_recommendation_patch\recommendation_engine.py,Superseded by active integrated package under workspaces/stock_rtx4060,,800a0ec4adc093bfad87ee7fd44880fbac6c1de7c4e7cb29607c1a82246b636c,AMBER,EXCLUDED_FROM_UNIFIED
72,C:\Users\jichu\Downloads\주식\stock_rtx4060_recommendation_patch\SETUP.md,Content summarized into unified docs or audit reports,,d67ae05798f5a6b6d6c68733af68ab42be3bf33cfd596bd65d8cc76bcb14fff3,LOW,MERGED
73,C:\Users\jichu\Downloads\주식\stock_rtx4060_recommendation_patch\.pytest_cache\.gitignore,Cache/build artifact excluded after inventory,,3ed731b65d06150c138e2dadb0be0697550888a6b47eb8c45ecc9adba8b8e9bd,LOW,EXCLUDED_FROM_UNIFIED
74,C:\Users\jichu\Downloads\주식\stock_rtx4060_recommendation_patch\.pytest_cache\CACHEDIR.TAG,Cache/build artifact excluded after inventory,C:\Users\jichu\Downloads\주식\stock_rtx4060_algo_v2\.pytest_cache\CACHEDIR.TAG,37dc88ef9a0abeddbe81053a6dd8fdfb13afb613045ea1eb4a5c815a74a3bde4,LOW,EXCLUDED_FROM_UNIFIED
75,C:\Users\jichu\Downloads\주식\stock_rtx4060_recommendation_patch\.pytest_cache\README.md,Cache/build artifact excluded after inventory,,73fd6fccdd802c419a6b2d983d6c3173b7da97558ac4b589edec2dfe443db9ad,LOW,EXCLUDED_FROM_UNIFIED
76,C:\Users\jichu\Downloads\주식\stock_rtx4060_recommendation_patch\recommendation_reports\recommendations_20260502_160206.json,Runtime/generated output; audit report records source instead,,bb2cd1ada327829ddf1d05b20458bc286a60c046a4d8c1fdda0badfae98e0983,LOW,EXCLUDED_FROM_UNIFIED
77,C:\Users\jichu\Downloads\주식\stock_rtx4060_recommendation_patch\recommendation_reports\recommendations_20260502_160206.md,Runtime/generated output; audit report records source instead,,1b72629f3af383d8befdc0f5d02170383bf17c827e98b89e453d3aa2eeb7c83d,LOW,EXCLUDED_FROM_UNIFIED
78,C:\Users\jichu\Downloads\주식\stock_rtx4060_recommendation_patch\__pycache__\backtester.cpython-314.pyc,Cache/build artifact excluded after inventory,,9818b6b36093c78461310fc96224e0200e5f20922f80412f38715a6c61a5d12a,LOW,EXCLUDED_FROM_UNIFIED
79,C:\Users\jichu\Downloads\주식\stock_rtx4060_recommendation_patch\__pycache__\ensemble_model.cpython-314.pyc,Cache/build artifact excluded after inventory,,c37b6099c79a0cb2cf3ad663f1565e3e5ca1f56980fb6b6d677080cf60d37cd5,LOW,EXCLUDED_FROM_UNIFIED
80,C:\Users\jichu\Downloads\주식\stock_rtx4060_recommendation_patch\__pycache__\feature_engine.cpython-314.pyc,Cache/build artifact excluded after inventory,,376af1797e7692fde9475620b24e925bf5d8658a6dd4d732e1c3a2eb58a241b7,LOW,EXCLUDED_FROM_UNIFIED
81,C:\Users\jichu\Downloads\주식\stock_rtx4060_recommendation_patch\__pycache__\hw_profile.cpython-314.pyc,Cache/build artifact excluded after inventory,,2e8dc85f9b3a0fa409829c2bcbcad9b4db2842f9c9ff7681cdf9c6441e6fc2fc,LOW,EXCLUDED_FROM_UNIFIED
82,C:\Users\jichu\Downloads\주식\stock_rtx4060_recommendation_patch\__pycache__\main.cpython-314.pyc,Cache/build artifact excluded after inventory,,666e0306cc832a921f3772b51cb2725819f419f31b75b7dc9a7208041fbbf63f,LOW,EXCLUDED_FROM_UNIFIED
83,C:\Users\jichu\Downloads\주식\stock_rtx4060_recommendation_patch\__pycache__\recommendation_engine.cpython-314.pyc,Cache/build artifact excluded after inventory,,f0bdb80cccb677c84569bb8a1a56b9bf650fb4499c59d45e915d075f3fc0f338,LOW,EXCLUDED_FROM_UNIFIED
84,C:\Users\jichu\Downloads\주식\stock_rtx4060_recommendation_patch\.pytest_cache\v\cache\nodeids,Cache/build artifact excluded after inventory,,100d7e5001e7979d4440bdc7caf73e3481c18a8799683a103fcda694abd4dd30,LOW,EXCLUDED_FROM_UNIFIED
85,C:\Users\jichu\Downloads\주식\stock_rtx4060_recommendation_patch\mnt\user-data\outputs\stock_rtx4060\backtester.py,Superseded by active integrated package under workspaces/stock_rtx4060,,db50ba2c2f08ac53d157a0609677a8c566b14264af6590e51a466755e4ea4c0e,AMBER,EXCLUDED_FROM_UNIFIED
86,C:\Users\jichu\Downloads\주식\stock_rtx4060_recommendation_patch\mnt\user-data\outputs\stock_rtx4060\ensemble_model.py,Superseded by active integrated package under workspaces/stock_rtx4060,,e94cf36926f99af962526796343ce44238d8e2cb7113470b84f95fea6882fd81,AMBER,EXCLUDED_FROM_UNIFIED
87,C:\Users\jichu\Downloads\주식\stock_rtx4060_recommendation_patch\mnt\user-data\outputs\stock_rtx4060\feature_engine.py,Superseded by active integrated package under workspaces/stock_rtx4060,,0eeb69975932b8e4c49b5865163e17ac186c9c1540d9601a20a1508197fc0588,AMBER,EXCLUDED_FROM_UNIFIED
88,C:\Users\jichu\Downloads\주식\stock_rtx4060_recommendation_patch\mnt\user-data\outputs\stock_rtx4060\main.py,Superseded by active integrated package under workspaces/stock_rtx4060,,3af1eb9d3487ee5fa05b9d8e4e0210ebe604db3b907b68adcb23ea922ff927da,AMBER,EXCLUDED_FROM_UNIFIED
89,C:\Users\jichu\Downloads\주식\stock_rtx4060_recommendation_patch\mnt\user-data\outputs\stock_rtx4060\__pycache__\backtester.cpython-314.pyc,Cache/build artifact excluded after inventory,,f67b7bcc20b558ea9ac04b831b958483b87b32570107da7d6ee7f9ec65a9008d,LOW,EXCLUDED_FROM_UNIFIED
90,C:\Users\jichu\Downloads\주식\stock_rtx4060_recommendation_patch\mnt\user-data\outputs\stock_rtx4060\__pycache__\ensemble_model.cpython-314.pyc,Cache/build artifact excluded after inventory,,2dfd6fe9d2b9e4a8080e2427f21d949a12f8cb86fb979937369b933c194e2346,LOW,EXCLUDED_FROM_UNIFIED
91,C:\Users\jichu\Downloads\주식\stock_rtx4060_recommendation_patch\mnt\user-data\outputs\stock_rtx4060\__pycache__\feature_engine.cpython-314.pyc,Cache/build artifact excluded after inventory,,2b88c3491060067d359e26595085c98f9ea1494749685edec4ff6a7a5cf03a0b,LOW,EXCLUDED_FROM_UNIFIED
92,C:\Users\jichu\Downloads\주식\stock_rtx4060_recommendation_patch\mnt\user-data\outputs\stock_rtx4060\__pycache__\main.cpython-314.pyc,Cache/build artifact excluded after inventory,,a97508a739b93598fd6564690c4bd0787820e06dbb122516c2cf3ef792b9cdb8,LOW,EXCLUDED_FROM_UNIFIED
93,C:\Users\jichu\Downloads\주식\workspaces\actual_execution_workspace\runtime_status.json,Runtime/generated output; audit report records source instead,C:\Users\jichu\Downloads\주식\workspaces\actual_run_workspace\runtime_status.json,fe5ff4328d20ce0bfbcd0dcc9afecd55fcffd1d46f2a947cac381d4cc2ab241f,LOW,EXCLUDED_FROM_UNIFIED
94,C:\Users\jichu\Downloads\주식\workspaces\actual_execution_workspace\runtime_status_xgboost.json,Runtime/generated output; audit report records source instead,C:\Users\jichu\Downloads\주식\workspaces\actual_execution_workspace\runtime_status_xgboost_fixed.json,be1304a0351f684e0fb06fc726579254456de4742d65481ea9f762b6812f2eeb,LOW,EXCLUDED_FROM_UNIFIED
95,C:\Users\jichu\Downloads\주식\workspaces\actual_execution_workspace\runtime_status_xgboost_fixed.json,Runtime/generated output; audit report records source instead,C:\Users\jichu\Downloads\주식\workspaces\actual_execution_workspace\runtime_status_xgboost.json,be1304a0351f684e0fb06fc726579254456de4742d65481ea9f762b6812f2eeb,LOW,EXCLUDED_FROM_UNIFIED
96,C:\Users\jichu\Downloads\주식\workspaces\actual_run_workspace\runtime_status.json,Runtime/generated output; audit report records source instead,C:\Users\jichu\Downloads\주식\workspaces\actual_execution_workspace\runtime_status.json,fe5ff4328d20ce0bfbcd0dcc9afecd55fcffd1d46f2a947cac381d4cc2ab241f,LOW,EXCLUDED_FROM_UNIFIED
97,C:\Users\jichu\Downloads\주식\workspaces\run_wrapper_workspace\runtime_status.json,Runtime/generated output; audit report records source instead,C:\Users\jichu\Downloads\주식\workspaces\actual_execution_workspace\runtime_status.json,fe5ff4328d20ce0bfbcd0dcc9afecd55fcffd1d46f2a947cac381d4cc2ab241f,LOW,EXCLUDED_FROM_UNIFIED
98,C:\Users\jichu\Downloads\주식\workspaces\stock_rtx4060_patched\.gitignore,Workspace/reference/runtime area not needed for single executable folder,,96760dc9d2aea15668aac20be108b6f30fe82e049b2d460b9db787fab490ae86,LOW,EXCLUDED_FROM_UNIFIED
99,C:\Users\jichu\Downloads\주식\workspaces\stock_rtx4060_patched\backtester.py,Workspace/reference/runtime area not needed for single executable folder,,28b81c0a6fe38878fd7865faf6c6f44c52550d200ddd2f072064ae36ba183641,AMBER,EXCLUDED_FROM_UNIFIED
100,C:\Users\jichu\Downloads\주식\workspaces\stock_rtx4060_patched\benchmark.py,Workspace/reference/runtime area not needed for single executable folder,,6050878ee59d409f4ea6fb2bd49c5a2814802a2e4054b4b3d20c71f3b1516ba0,AMBER,EXCLUDED_FROM_UNIFIED
101,C:\Users\jichu\Downloads\주식\workspaces\stock_rtx4060_patched\BENCHMARK_AND_CROSSCHECK.md,Workspace/reference/runtime area not needed for single executable folder,,cca9b338a49a283302e09cf512685bc9f313c65477b9d0c9bff2eb33b671961c,AMBER,EXCLUDED_FROM_UNIFIED
102,C:\Users\jichu\Downloads\주식\workspaces\stock_rtx4060_patched\CHANGELOG.md,Workspace/reference/runtime area not needed for single executable folder,,2c019da7de16bd6d2cab8b57c6e17d76170150994c48ddeddfede6fce535da2f,AMBER,EXCLUDED_FROM_UNIFIED
103,C:\Users\jichu\Downloads\주식\workspaces\stock_rtx4060_patched\ensemble_model.py,Workspace/reference/runtime area not needed for single executable folder,,2940dc4dff749219bae43ec06a4a598b2de6a1588a780aa5fee7cbb61fda3145,AMBER,EXCLUDED_FROM_UNIFIED
104,C:\Users\jichu\Downloads\주식\workspaces\stock_rtx4060_patched\feature_engine.py,Workspace/reference/runtime area not needed for single executable folder,,1cf798c323b37f120d8b7bc7445a5ce8527ddf5616fb635f7e4621ba7cb16c3c,AMBER,EXCLUDED_FROM_UNIFIED
105,C:\Users\jichu\Downloads\주식\workspaces\stock_rtx4060_patched\hw_profile.py,Workspace/reference/runtime area not needed for single executable folder,,cb33503ed06b2c1fd5cd1dc3518a565d19c2e85cd8acce69c30d29e9c377339c,AMBER,EXCLUDED_FROM_UNIFIED
106,C:\Users\jichu\Downloads\주식\workspaces\stock_rtx4060_patched\main.py,Workspace/reference/runtime area not needed for single executable folder,,a88726fb15cc726891effce1239deb58df66d00ea25ab404d0e6c78dc9fa41a3,AMBER,EXCLUDED_FROM_UNIFIED
107,C:\Users\jichu\Downloads\주식\workspaces\stock_rtx4060_patched\PATCH_REPORT_2026.md,Workspace/reference/runtime area not needed for single executable folder,,ac2803c7291d2e70399af75e643d74bad5d02c2103f48034b80f95c796d39956,AMBER,EXCLUDED_FROM_UNIFIED
108,C:\Users\jichu\Downloads\주식\workspaces\stock_rtx4060_patched\pyproject.toml,Workspace/reference/runtime area not needed for single executable folder,,a361d8bd369dd2b46eb883e63858de833a9a903e10e9dea5922ef005d63033b4,AMBER,EXCLUDED_FROM_UNIFIED
109,C:\Users\jichu\Downloads\주식\workspaces\stock_rtx4060_patched\README.md,Workspace/reference/runtime area not needed for single executable folder,,4175df58e7ea4ac2512d428196c777d79febe8d1daadbedb333dc6ddeb4e6dc5,AMBER,EXCLUDED_FROM_UNIFIED
110,C:\Users\jichu\Downloads\주식\workspaces\stock_rtx4060_patched\report_engine.py,Workspace/reference/runtime area not needed for single executable folder,,32da21b7f949a3f68a10daec9dd1235691bea47f4bfe3572b24b8b5d934f0821,AMBER,EXCLUDED_FROM_UNIFIED
111,C:\Users\jichu\Downloads\주식\workspaces\stock_rtx4060_patched\requirements-base.txt,Workspace/reference/runtime area not needed for single executable folder,,748422d11278dc7d58b4a01ee726a0f5da7c9ebcb1e181153081b7a622b9c91c,AMBER,EXCLUDED_FROM_UNIFIED
112,C:\Users\jichu\Downloads\주식\workspaces\stock_rtx4060_patched\requirements-data.txt,Workspace/reference/runtime area not needed for single executable folder,,d64c15b5bc1fa112df7fef33ba517e0779d2d9c8a885be4da8e01ba54e6ff0a5,AMBER,EXCLUDED_FROM_UNIFIED
113,C:\Users\jichu\Downloads\주식\workspaces\stock_rtx4060_patched\requirements-gpu-wsl2.txt,Workspace/reference/runtime area not needed for single executable folder,,6cba0e17a35f285000da5bb6c81287333fe6bf4926b3d0ffa90682075840bacb,AMBER,EXCLUDED_FROM_UNIFIED
114,C:\Users\jichu\Downloads\주식\workspaces\stock_rtx4060_patched\requirements-gpu.txt,Workspace/reference/runtime area not needed for single executable folder,,f9bec76c043086c8052ca898cada5ffb5d564efbf10a62298b605559efc2e4c6,AMBER,EXCLUDED_FROM_UNIFIED
115,C:\Users\jichu\Downloads\주식\workspaces\stock_rtx4060_patched\requirements-ml.txt,Workspace/reference/runtime area not needed for single executable folder,,9cb237eeeefcbc48d36a24e6a0aaff36bae74f5a068434f05b25d55bb9e5e787,AMBER,EXCLUDED_FROM_UNIFIED
116,C:\Users\jichu\Downloads\주식\workspaces\stock_rtx4060_patched\requirements.txt,Workspace/reference/runtime area not needed for single executable folder,,5dabc78e53249ea04befe88355f8dc5203cc158e1500f7426f43b49bdb620733,AMBER,EXCLUDED_FROM_UNIFIED
117,C:\Users\jichu\Downloads\주식\workspaces\stock_rtx4060_patched\run_benchmark.ps1,Workspace/reference/runtime area not needed for single executable folder,,4e6f2d2dd3f96b8b4271943641974b75862f65c39d9fc8bd69136c95801dbcd0,AMBER,EXCLUDED_FROM_UNIFIED
118,C:\Users\jichu\Downloads\주식\workspaces\stock_rtx4060_patched\run_offline_demo.ps1,Workspace/reference/runtime area not needed for single executable folder,,12ae361eba7dd73d55608fea901f46e0870cf3ab408acce317feef4c0ce2efbd,AMBER,EXCLUDED_FROM_UNIFIED
119,C:\Users\jichu\Downloads\주식\workspaces\stock_rtx4060_patched\SETUP.md,Workspace/reference/runtime area not needed for single executable folder,,74a71d3e01f7a96262cabf88f3a5a65d296179fe9244561271c16a2f0014d2aa,AMBER,EXCLUDED_FROM_UNIFIED
120,C:\Users\jichu\Downloads\주식\workspaces\stock_rtx4060_patched\SETUP_2026.md,Workspace/reference/runtime area not needed for single executable folder,,f1fad42932285c337b95568bc2d24d78b25cf581253de4d1e58bccb160818031,AMBER,EXCLUDED_FROM_UNIFIED
121,C:\Users\jichu\Downloads\주식\workspaces\actual_execution_workspace\benchmarks\benchmark_2026-05-02_182704.json,Runtime/generated output; audit report records source instead,,ab70401d1b69a121b398d22cf94af2ebe5134bf023de1ac5ac06e6256bd5337a,LOW,EXCLUDED_FROM_UNIFIED
122,C:\Users\jichu\Downloads\주식\workspaces\actual_execution_workspace\benchmarks\benchmark_2026-05-02_182704.md,Runtime/generated output; audit report records source instead,,3ee3350488b095ab287380b0032552f9bb696169576bd4cdd602cb33c8d089e2,LOW,EXCLUDED_FROM_UNIFIED
123,C:\Users\jichu\Downloads\주식\workspaces\actual_execution_workspace\benchmarks_after_doc_update\benchmark_2026-05-02_192511.json,Runtime/generated output; audit report records source instead,,b1000089bf79d500e55499691d9e3fd34f93d2a3b96d57bbec0e925475801cc8,LOW,EXCLUDED_FROM_UNIFIED
124,C:\Users\jichu\Downloads\주식\workspaces\actual_execution_workspace\benchmarks_after_doc_update\benchmark_2026-05-02_192511.md,Runtime/generated output; audit report records source instead,,52e70255cbbf90bc5e88d7ca8ca8ded069788300de11308d24d4e200a04a7254,LOW,EXCLUDED_FROM_UNIFIED
125,C:\Users\jichu\Downloads\주식\workspaces\actual_execution_workspace\benchmarks_gpu\benchmark_2026-05-02_183220.json,Runtime/generated output; audit report records source instead,,1bd356d4d37b3972ca62c159574fdcc26a610a7c5b4f0d393cdb334d00ba1091,LOW,EXCLUDED_FROM_UNIFIED
126,C:\Users\jichu\Downloads\주식\workspaces\actual_execution_workspace\benchmarks_gpu\benchmark_2026-05-02_183220.md,Runtime/generated output; audit report records source instead,,3bc7987db56da6a080cd9ee8bb2f578c370209023c73d4285b730bccdf4abe5e,LOW,EXCLUDED_FROM_UNIFIED
127,C:\Users\jichu\Downloads\주식\workspaces\actual_execution_workspace\benchmarks_gpu_10000\benchmark_2026-05-02_183546.json,Runtime/generated output; audit report records source instead,,f4b5c0a2b2d49dbbf251258d7a10fd33e5ddeec272c0182d6ca468b9856f6b5e,LOW,EXCLUDED_FROM_UNIFIED
128,C:\Users\jichu\Downloads\주식\workspaces\actual_execution_workspace\benchmarks_gpu_10000\benchmark_2026-05-02_183546.md,Runtime/generated output; audit report records source instead,,f46f6c97af49c79423e5ab060a87faa1665324f026ff7c362fca189de8c30255,LOW,EXCLUDED_FROM_UNIFIED
129,C:\Users\jichu\Downloads\주식\workspaces\actual_execution_workspace\benchmarks_gpu_fixed\benchmark_2026-05-02_183434.json,Runtime/generated output; audit report records source instead,,1b3294b9d2d13a65a69c5d1c3d230f6940360f4297d34d4ce17e95f050b291b9,LOW,EXCLUDED_FROM_UNIFIED
130,C:\Users\jichu\Downloads\주식\workspaces\actual_execution_workspace\benchmarks_gpu_fixed\benchmark_2026-05-02_183434.md,Runtime/generated output; audit report records source instead,,5c175ee546bf73224ce2ba2b28fdc9c5a08fdd1bf4437e472f911b3aca151d54,LOW,EXCLUDED_FROM_UNIFIED
131,C:\Users\jichu\Downloads\주식\workspaces\actual_execution_workspace\benchmarks_xgb_cpu_gpu_10000\benchmark_2026-05-02_184710.json,Runtime/generated output; audit report records source instead,,b52c44ff86b6a5a6c973d889cc6e29cc8b67a7492bf7272217c70c7afe69178f,LOW,EXCLUDED_FROM_UNIFIED
132,C:\Users\jichu\Downloads\주식\workspaces\actual_execution_workspace\benchmarks_xgb_cpu_gpu_10000\benchmark_2026-05-02_184710.md,Runtime/generated output; audit report records source instead,,2044f2e99c68c0bcd0c2ef0c8aa5f1cd42f9f1de381f56a8e33877d8017be85e,LOW,EXCLUDED_FROM_UNIFIED
133,C:\Users\jichu\Downloads\주식\workspaces\actual_execution_workspace\data\sample_ohlcv.csv,Workspace/reference/runtime area not needed for single executable folder,C:\Users\jichu\Downloads\주식\workspaces\actual_run_workspace\data\sample_ohlcv.csv,ee64014ed4f1d71308ce5b99c9cadfb9116b017a34fd8cb13d615030fe90269f,LOW,EXCLUDED_FROM_UNIFIED
134,C:\Users\jichu\Downloads\주식\workspaces\actual_execution_workspace\reports\daily_brief_2026-05-02_182704.md,Runtime/generated output; audit report records source instead,,52aa77cc1b416e4bcab0ccfbb5b5a1573939696954054c8962130580acc3fec9,LOW,EXCLUDED_FROM_UNIFIED
135,C:\Users\jichu\Downloads\주식\workspaces\actual_execution_workspace\reports\monthly_scorecard_2026-05-02_182704.md,Runtime/generated output; audit report records source instead,,685f0d81ce1ca6848486f535fa862f5f0f99353c0e5c910451666f99e4963745,LOW,EXCLUDED_FROM_UNIFIED
136,C:\Users\jichu\Downloads\주식\workspaces\actual_execution_workspace\reports\pipeline_result_2026-05-02_182704.json,Runtime/generated output; audit report records source instead,C:\Users\jichu\Downloads\주식\workspaces\actual_run_workspace\reports\pipeline_result_2026-05-02_171046.json,3b2f0d86e8118dc7d46465a4469ce341f1de29719e3e98621594ebffb7d24e65,LOW,EXCLUDED_FROM_UNIFIED
137,C:\Users\jichu\Downloads\주식\workspaces\actual_execution_workspace\reports\risk_dashboard_2026-05-02_182704.md,Runtime/generated output; audit report records source instead,,0832943d2430c6cbe269eff6f57f04a861b3f60981062bdd3a43dff486461a2e,LOW,EXCLUDED_FROM_UNIFIED
138,C:\Users\jichu\Downloads\주식\workspaces\actual_execution_workspace\reports\track_l_thesis_2026-05-02_182704.md,Runtime/generated output; audit report records source instead,,e1c42eff410db3aded374d2ff0d7d12ddb6bcf51f38e67e1dd8ae9faf5979d51,LOW,EXCLUDED_FROM_UNIFIED
139,C:\Users\jichu\Downloads\주식\workspaces\actual_run_workspace\benchmarks\benchmark_2026-05-02_171046.json,Runtime/generated output; audit report records source instead,,66061ce6005281bddd973f6bc48fe63b6e4dbcdb576eb4d70596b551ebae4803,LOW,EXCLUDED_FROM_UNIFIED
140,C:\Users\jichu\Downloads\주식\workspaces\actual_run_workspace\benchmarks\benchmark_2026-05-02_171046.md,Runtime/generated output; audit report records source instead,,e60ab482c132796c0fb3506fa2f15f1554b2bca738f3b5f1bfe76692dff29915,LOW,EXCLUDED_FROM_UNIFIED
141,C:\Users\jichu\Downloads\주식\workspaces\actual_run_workspace\data\sample_ohlcv.csv,Workspace/reference/runtime area not needed for single executable folder,C:\Users\jichu\Downloads\주식\workspaces\actual_execution_workspace\data\sample_ohlcv.csv,ee64014ed4f1d71308ce5b99c9cadfb9116b017a34fd8cb13d615030fe90269f,LOW,EXCLUDED_FROM_UNIFIED
142,C:\Users\jichu\Downloads\주식\workspaces\actual_run_workspace\reports\daily_brief_2026-05-02_171046.md,Runtime/generated output; audit report records source instead,,4e11322e14e1dc9aee33e53639eb580695305dc9445b67206de9cc07c2cae7f1,LOW,EXCLUDED_FROM_UNIFIED
143,C:\Users\jichu\Downloads\주식\workspaces\actual_run_workspace\reports\monthly_scorecard_2026-05-02_171046.md,Runtime/generated output; audit report records source instead,,ca2199ac0a0d002063b3d3afe88699896f278c6491526681a995f4f0225cea48,LOW,EXCLUDED_FROM_UNIFIED
144,C:\Users\jichu\Downloads\주식\workspaces\actual_run_workspace\reports\pipeline_result_2026-05-02_171046.json,Runtime/generated output; audit report records source instead,C:\Users\jichu\Downloads\주식\workspaces\actual_execution_workspace\reports\pipeline_result_2026-05-02_182704.json,3b2f0d86e8118dc7d46465a4469ce341f1de29719e3e98621594ebffb7d24e65,LOW,EXCLUDED_FROM_UNIFIED
145,C:\Users\jichu\Downloads\주식\workspaces\actual_run_workspace\reports\risk_dashboard_2026-05-02_171046.md,Runtime/generated output; audit report records source instead,,484775faf948f2fcb1bc7524e5d622474a84b158cf7d8a7359baabe96972b9d1,LOW,EXCLUDED_FROM_UNIFIED
146,C:\Users\jichu\Downloads\주식\workspaces\actual_run_workspace\reports\track_l_thesis_2026-05-02_171046.md,Runtime/generated output; audit report records source instead,,2e6f2ebf0f4b150cb52f4c2167ca412479f35c619ff72224132e58dc7e456441,LOW,EXCLUDED_FROM_UNIFIED
147,C:\Users\jichu\Downloads\주식\workspaces\demo_workspace\reports\daily_brief_2026-05-02_094309.md,Runtime/generated output; audit report records source instead,,932b3a5c67f70b028532c643441c1511f8d63cbd8e25a359d057c5852db60201,LOW,EXCLUDED_FROM_UNIFIED
148,C:\Users\jichu\Downloads\주식\workspaces\demo_workspace\reports\monthly_scorecard_2026-05-02_094309.md,Runtime/generated output; audit report records source instead,,a533a3afa9b7bfd729dc96e09a95a2ad15c9d1043245deb9ee800db3287dd3d0,LOW,EXCLUDED_FROM_UNIFIED
149,C:\Users\jichu\Downloads\주식\workspaces\demo_workspace\reports\pipeline_result_2026-05-02_094309.json,Runtime/generated output; audit report records source instead,,f5d7e6d16c2acaee243808339de5cdab9ef5254bdb5df21de0f2fbc3641e2acc,LOW,EXCLUDED_FROM_UNIFIED
150,C:\Users\jichu\Downloads\주식\workspaces\demo_workspace\reports\risk_dashboard_2026-05-02_094309.md,Runtime/generated output; audit report records source instead,,ff0238b5fe30fcb109089ac942c76b342169876890962a4184579f28aea3417f,LOW,EXCLUDED_FROM_UNIFIED
151,C:\Users\jichu\Downloads\주식\workspaces\demo_workspace\reports\track_l_thesis_2026-05-02_094309.md,Runtime/generated output; audit report records source instead,,a231daae9384773428cd5767acbf2744afc8150e3ecba756b42303061c781d14,LOW,EXCLUDED_FROM_UNIFIED
152,C:\Users\jichu\Downloads\주식\workspaces\run_wrapper_workspace\benchmarks\benchmark_2026-05-02_181758.json,Runtime/generated output; audit report records source instead,,f477a3b1d82acf4b7448ef008827c318d81c7260d5b797c20062318f45b06ca9,LOW,EXCLUDED_FROM_UNIFIED
153,C:\Users\jichu\Downloads\주식\workspaces\run_wrapper_workspace\benchmarks\benchmark_2026-05-02_181758.md,Runtime/generated output; audit report records source instead,,469f49e0832830772597951faa65a1c1580e3922404545debef167231accd3ae,LOW,EXCLUDED_FROM_UNIFIED
154,C:\Users\jichu\Downloads\주식\workspaces\run_wrapper_workspace\data\sample_ohlcv.csv,Workspace/reference/runtime area not needed for single executable folder,C:\Users\jichu\Downloads\주식\workspaces\actual_execution_workspace\data\sample_ohlcv.csv,ee64014ed4f1d71308ce5b99c9cadfb9116b017a34fd8cb13d615030fe90269f,LOW,EXCLUDED_FROM_UNIFIED
155,C:\Users\jichu\Downloads\주식\workspaces\run_wrapper_workspace\reports\daily_brief_2026-05-02_181758.md,Runtime/generated output; audit report records source instead,,8b60fd832223cb32f6e810a1fc3cc6d4cbeeba2d518ebdc2a16efb2e9c9410ed,LOW,EXCLUDED_FROM_UNIFIED
156,C:\Users\jichu\Downloads\주식\workspaces\run_wrapper_workspace\reports\monthly_scorecard_2026-05-02_181758.md,Runtime/generated output; audit report records source instead,,b58aef8c63d6beba8d48fc58227ac3473422ea734d1b250f245526faa4332d90,LOW,EXCLUDED_FROM_UNIFIED
157,C:\Users\jichu\Downloads\주식\workspaces\run_wrapper_workspace\reports\pipeline_result_2026-05-02_181758.json,Runtime/generated output; audit report records source instead,C:\Users\jichu\Downloads\주식\workspaces\actual_execution_workspace\reports\pipeline_result_2026-05-02_182704.json,3b2f0d86e8118dc7d46465a4469ce341f1de29719e3e98621594ebffb7d24e65,LOW,EXCLUDED_FROM_UNIFIED
158,C:\Users\jichu\Downloads\주식\workspaces\run_wrapper_workspace\reports\risk_dashboard_2026-05-02_181758.md,Runtime/generated output; audit report records source instead,,c8426a027ebca22b6f33d3bb1e759ce1ee67e1e0e418ef596212b84392cb4810,LOW,EXCLUDED_FROM_UNIFIED
159,C:\Users\jichu\Downloads\주식\workspaces\run_wrapper_workspace\reports\track_l_thesis_2026-05-02_181758.md,Runtime/generated output; audit report records source instead,,5216da532149344cacdfdbd050b9d237e8b07691239909dfa3e9477b3672b57b,LOW,EXCLUDED_FROM_UNIFIED
160,C:\Users\jichu\Downloads\주식\workspaces\stock_rtx4060\__pycache__\backtester.cpython-312.pyc,Cache/build artifact excluded after inventory,,345da2bf1465c008c7c4ed8d039d1bbfcb5f183a2d4af1b1aaebd11e6452b951,LOW,EXCLUDED_FROM_UNIFIED
161,C:\Users\jichu\Downloads\주식\workspaces\stock_rtx4060\__pycache__\backtester.cpython-314.pyc,Cache/build artifact excluded after inventory,,9ef43952e20b87920983719929682de9073187a9227cedca377934ee848c7115,LOW,EXCLUDED_FROM_UNIFIED
162,C:\Users\jichu\Downloads\주식\workspaces\stock_rtx4060\__pycache__\benchmark.cpython-312.pyc,Cache/build artifact excluded after inventory,,a572ad0b6fd4f8b8174c63011a4525a6667d3dd4e8a4cbda138c13ea92fe358a,LOW,EXCLUDED_FROM_UNIFIED
163,C:\Users\jichu\Downloads\주식\workspaces\stock_rtx4060\__pycache__\benchmark.cpython-314.pyc,Cache/build artifact excluded after inventory,,07007d696995ba7244c46a49e5e5c1fe7fb4083ac0e45002bb3376e4eb202a76,LOW,EXCLUDED_FROM_UNIFIED
164,C:\Users\jichu\Downloads\주식\workspaces\stock_rtx4060\__pycache__\ensemble_model.cpython-312.pyc,Cache/build artifact excluded after inventory,,b8a48dbbf3eb3e9553bc198df9a51149c90d9e4d8367127b94e492aa68d62f5d,LOW,EXCLUDED_FROM_UNIFIED
165,C:\Users\jichu\Downloads\주식\workspaces\stock_rtx4060\__pycache__\ensemble_model.cpython-314.pyc,Cache/build artifact excluded after inventory,,529ab43a0d549a8b313ad492697bd9e906866d1d1210438827511112b5529f20,LOW,EXCLUDED_FROM_UNIFIED
166,C:\Users\jichu\Downloads\주식\workspaces\stock_rtx4060\__pycache__\feature_engine.cpython-312.pyc,Cache/build artifact excluded after inventory,,a20e12dc602a6e11af20772513d4133381bb4293c0a3ac5ce2761fe13fa3c230,LOW,EXCLUDED_FROM_UNIFIED
167,C:\Users\jichu\Downloads\주식\workspaces\stock_rtx4060\__pycache__\feature_engine.cpython-314.pyc,Cache/build artifact excluded after inventory,,b17a5c57a2c55050573b331eca66412ed4759cbb53b15e9db17d30ec815e52d2,LOW,EXCLUDED_FROM_UNIFIED
168,C:\Users\jichu\Downloads\주식\workspaces\stock_rtx4060\__pycache__\hw_profile.cpython-312.pyc,Cache/build artifact excluded after inventory,,b4ceb4aa373fe77f61f02f92f4dd6dbe27bbdb582946a1287327d23dfeb43bef,LOW,EXCLUDED_FROM_UNIFIED
169,C:\Users\jichu\Downloads\주식\workspaces\stock_rtx4060\__pycache__\hw_profile.cpython-314.pyc,Cache/build artifact excluded after inventory,,a22379cdcf1229e8556bbcbc4b058af69a94139a72c613aa8c451b19e701e8d6,LOW,EXCLUDED_FROM_UNIFIED
170,C:\Users\jichu\Downloads\주식\workspaces\stock_rtx4060\__pycache__\main.cpython-312.pyc,Cache/build artifact excluded after inventory,,217da738e3a6303ac2fffebfc20782abcdbb210c283e3a3674b274928c3aea4b,LOW,EXCLUDED_FROM_UNIFIED
171,C:\Users\jichu\Downloads\주식\workspaces\stock_rtx4060\__pycache__\main.cpython-314.pyc,Cache/build artifact excluded after inventory,,4c8cdffe41acad28be96a7c08b348f17759f989530cc762c362d474e59646599,LOW,EXCLUDED_FROM_UNIFIED
172,C:\Users\jichu\Downloads\주식\workspaces\stock_rtx4060\__pycache__\recommendation_engine.cpython-312.pyc,Cache/build artifact excluded after inventory,,217327e83b8afbb749729a80390d2f3a17d0b36484ce3a236c39d2d9b66b7ace,LOW,EXCLUDED_FROM_UNIFIED
173,C:\Users\jichu\Downloads\주식\workspaces\stock_rtx4060\__pycache__\recommendation_engine.cpython-314.pyc,Cache/build artifact excluded after inventory,,7e6d40a2c305ff1b28248228bf6954f58bd3ddd8ea9f6b2c0294004fc1c84af9,LOW,EXCLUDED_FROM_UNIFIED
174,C:\Users\jichu\Downloads\주식\workspaces\stock_rtx4060\__pycache__\reports.cpython-312.pyc,Cache/build artifact excluded after inventory,,4ebb70d89cbcf2c24a2d43d69bac291be46eea5b365e0777d4411c8dcbf460d5,LOW,EXCLUDED_FROM_UNIFIED
175,C:\Users\jichu\Downloads\주식\workspaces\stock_rtx4060\__pycache__\reports.cpython-314.pyc,Cache/build artifact excluded after inventory,,9c1097a176c6bc2d34fad14010ed45622e0c819e87d0c7967f5d6f4ed30246d8,LOW,EXCLUDED_FROM_UNIFIED
176,C:\Users\jichu\Downloads\주식\workspaces\stock_rtx4060\__pycache__\risk_rules.cpython-312.pyc,Cache/build artifact excluded after inventory,,4e43cb99892675a5bbd1ee7e214e1c1447bdcc68a385c6d7f9f29e2eeed44aa5,LOW,EXCLUDED_FROM_UNIFIED
177,C:\Users\jichu\Downloads\주식\workspaces\stock_rtx4060\__pycache__\risk_rules.cpython-314.pyc,Cache/build artifact excluded after inventory,,cfd028b64fa7a07303b2d1f9d44c9225204ee2f59ccaecd6aaadcc7cc61100ff,LOW,EXCLUDED_FROM_UNIFIED
178,C:\Users\jichu\Downloads\주식\workspaces\stock_rtx4060\__pycache__\__init__.cpython-312.pyc,Cache/build artifact excluded after inventory,,d46a497dcff973b592319f2c2b304dd9ba3e570a50dc5ca10b90e651d8ca244a,LOW,EXCLUDED_FROM_UNIFIED
179,C:\Users\jichu\Downloads\주식\workspaces\stock_rtx4060\__pycache__\__init__.cpython-314.pyc,Cache/build artifact excluded after inventory,,2bbe07a70918aa5577b1ea01a2af1321366f5e5e37fe49e4e35ce188224e9b27,LOW,EXCLUDED_FROM_UNIFIED
180,C:\Users\jichu\Downloads\주식\workspaces\stock_rtx4060_patched\docs\CROSS_CHECK_2026.md,Workspace/reference/runtime area not needed for single executable folder,,ea6a407bbd64402fd9066dac926c46b76051783b6cabac88a5828b2cad3166e0,AMBER,EXCLUDED_FROM_UNIFIED
181,C:\Users\jichu\Downloads\주식\workspaces\stock_rtx4060_patched\docs\TECH_SOURCE_URLS.md,Workspace/reference/runtime area not needed for single executable folder,,52a1feaa57b0916130948730649589944c2ad3c93471a5cff9aa5c4560102e03,AMBER,EXCLUDED_FROM_UNIFIED
182,C:\Users\jichu\Downloads\주식\workspaces\stock_rtx4060_patched\docs\uploaded_plan_rev.md,Workspace/reference/runtime area not needed for single executable folder,,30eb82e4ad20454702479974396d37e3ced989d659a1c979869d5481e4ee2118,AMBER,EXCLUDED_FROM_UNIFIED
183,C:\Users\jichu\Downloads\주식\workspaces\stock_rtx4060_patched\docs\uploaded_uiux.md,Workspace/reference/runtime area not needed for single executable folder,,820479a5f8ab747f68760f9b2c937bf53d9aba74492ae42b82a1607b87324aad,AMBER,EXCLUDED_FROM_UNIFIED
184,C:\Users\jichu\Downloads\주식\workspaces\stock_rtx4060_patched\stock_rtx4060\backtester.py,Workspace/reference/runtime area not needed for single executable folder,,7a891d71359bff88d2f8e4c7739c5f25e75c8fe7ebd0eea30bce7d55c5edbc55,AMBER,EXCLUDED_FROM_UNIFIED
185,C:\Users\jichu\Downloads\주식\workspaces\stock_rtx4060_patched\stock_rtx4060\benchmark.py,Workspace/reference/runtime area not needed for single executable folder,,c9014a3e3ac3e244a80a57dd3df5d488fc3b32cee728ab930715bf298f38a813,AMBER,EXCLUDED_FROM_UNIFIED
186,C:\Users\jichu\Downloads\주식\workspaces\stock_rtx4060_patched\stock_rtx4060\data_loader.py,Workspace/reference/runtime area not needed for single executable folder,,6a94e88f41c446138aa0201a972fa25d02114ae5f8b9a3a60b84de84fd655c0d,AMBER,EXCLUDED_FROM_UNIFIED
187,C:\Users\jichu\Downloads\주식\workspaces\stock_rtx4060_patched\stock_rtx4060\ensemble_model.py,Workspace/reference/runtime area not needed for single executable folder,,aed7a2ef8075dd33e20e8d0cb094093df436ab5419b6e681086e243748e7561b,AMBER,EXCLUDED_FROM_UNIFIED
188,C:\Users\jichu\Downloads\주식\workspaces\stock_rtx4060_patched\stock_rtx4060\feature_engine.py,Workspace/reference/runtime area not needed for single executable folder,,0651480074cd277e511e7e5cc562f8c23068367555002f820a2826a5dd3565c0,AMBER,EXCLUDED_FROM_UNIFIED
189,C:\Users\jichu\Downloads\주식\workspaces\stock_rtx4060_patched\stock_rtx4060\hw_profile.py,Workspace/reference/runtime area not needed for single executable folder,,754a89dced2e7010f81372a6d733338c582d917ae6462324c40cd058a311c41f,AMBER,EXCLUDED_FROM_UNIFIED
190,C:\Users\jichu\Downloads\주식\workspaces\stock_rtx4060_patched\stock_rtx4060\main.py,Workspace/reference/runtime area not needed for single executable folder,,4a49dfd9f51369338bcd49e56c85af653e00e2ffdf3a0e59ee37f42f0c6ca497,AMBER,EXCLUDED_FROM_UNIFIED
191,C:\Users\jichu\Downloads\주식\workspaces\stock_rtx4060_patched\stock_rtx4060\reporting.py,Workspace/reference/runtime area not needed for single executable folder,,00e7792023d4afe66a9f1d108734b9b015e6e5b6a123c68c4926a789040f7257,AMBER,EXCLUDED_FROM_UNIFIED
192,C:\Users\jichu\Downloads\주식\workspaces\stock_rtx4060_patched\stock_rtx4060\rules.py,Workspace/reference/runtime area not needed for single executable folder,,0ff9a2d9f6bd202520b369c009393b9031a704e873ef89dd67208828a5a65194,AMBER,EXCLUDED_FROM_UNIFIED
193,C:\Users\jichu\Downloads\주식\workspaces\stock_rtx4060_patched\stock_rtx4060\__init__.py,Workspace/reference/runtime area not needed for single executable folder,,f964902f3f08c2a103cbba701925381852ee534f6bb8dcd3a02e80452aa3d38a,AMBER,EXCLUDED_FROM_UNIFIED
194,C:\Users\jichu\Downloads\주식\workspaces\stock_rtx4060_patched\tests\test_smoke.py,Workspace/reference/runtime area not needed for single executable folder,,22c8c8553ff1647773cdd40696023e2d212725a92cb536e20d900c20c463e7d5,AMBER,EXCLUDED_FROM_UNIFIED
195,C:\Users\jichu\Downloads\주식\workspaces\stock_rtx4060_patched\__pycache__\backtester.cpython-314.pyc,Cache/build artifact excluded after inventory,,5dc1f62561f92a84516d2a00735951b53759c6a9eaf03868ae8109aaad3fc72a,LOW,EXCLUDED_FROM_UNIFIED
196,C:\Users\jichu\Downloads\주식\workspaces\stock_rtx4060_patched\__pycache__\benchmark.cpython-314.pyc,Cache/build artifact excluded after inventory,,1a5dd9725347a955bdb920a917f9d597936466f3f5f189db17173413ebb01954,LOW,EXCLUDED_FROM_UNIFIED
197,C:\Users\jichu\Downloads\주식\workspaces\stock_rtx4060_patched\__pycache__\ensemble_model.cpython-314.pyc,Cache/build artifact excluded after inventory,,c729865d2647f2bc6c67503728e76e65284d57054fc31e7f392d2b81b2285b18,LOW,EXCLUDED_FROM_UNIFIED
198,C:\Users\jichu\Downloads\주식\workspaces\stock_rtx4060_patched\__pycache__\feature_engine.cpython-314.pyc,Cache/build artifact excluded after inventory,,3701ad41d23e35075270b6e693fd216cd5675cb2b9896fc305e40f9d135f93db,LOW,EXCLUDED_FROM_UNIFIED
199,C:\Users\jichu\Downloads\주식\workspaces\stock_rtx4060_patched\__pycache__\hw_profile.cpython-314.pyc,Cache/build artifact excluded after inventory,,34cb38cb4f94a52fee5b2512921a3b6f727e71a1321ffb5afaaeb6137a8cb51c,LOW,EXCLUDED_FROM_UNIFIED
200,C:\Users\jichu\Downloads\주식\workspaces\stock_rtx4060_patched\__pycache__\main.cpython-314.pyc,Cache/build artifact excluded after inventory,,e796bcb301753dfe9b84b95253acd9be618b48a52952e0bb504c2930d49c0ded,LOW,EXCLUDED_FROM_UNIFIED
201,C:\Users\jichu\Downloads\주식\workspaces\stock_rtx4060_patched\__pycache__\report_engine.cpython-314.pyc,Cache/build artifact excluded after inventory,,fde6a11f2b4ecb40ddcf3c27924640536d903962acaaa6459b126d38983a1acf,LOW,EXCLUDED_FROM_UNIFIED
202,C:\Users\jichu\Downloads\주식\workspaces\stock_rtx4060_patched\examples\demo_workspace\benchmarks\benchmark_report.md,Runtime/generated output; audit report records source instead,,2f683e4c4e79bc2c7673510f33ee7b24b893fce707ef5f9d56649cc4c12fd39e,LOW,EXCLUDED_FROM_UNIFIED
203,C:\Users\jichu\Downloads\주식\workspaces\stock_rtx4060_patched\examples\demo_workspace\benchmarks\benchmark_result.json,Runtime/generated output; audit report records source instead,,7800348e716923533bf213668fde3f477520dc70afe42946ef82c4eb5b35ea17,LOW,EXCLUDED_FROM_UNIFIED
204,C:\Users\jichu\Downloads\주식\workspaces\stock_rtx4060_patched\examples\demo_workspace\data\sample_ohlcv.csv,Workspace/reference/runtime area not needed for single executable folder,,cd738130ba0a8ad34c1c53cbbda91d2795f94900d5adcaebb4798124ee892b96,LOW,EXCLUDED_FROM_UNIFIED
205,C:\Users\jichu\Downloads\주식\workspaces\stock_rtx4060_patched\examples\demo_workspace\journal\journal.csv,Workspace/reference/runtime area not needed for single executable folder,,2d175f8a3fb2a2e61bb2dff35cddc4348764830c0f8ded08cfafa475e69807d5,LOW,EXCLUDED_FROM_UNIFIED
206,C:\Users\jichu\Downloads\주식\workspaces\stock_rtx4060_patched\examples\demo_workspace\reports\daily_brief_2026-05-02.md,Runtime/generated output; audit report records source instead,,02de8db8462d2e769b833cefd765834f17492ecabaace77b7463a9e83e7ab1cb,LOW,EXCLUDED_FROM_UNIFIED
207,C:\Users\jichu\Downloads\주식\workspaces\stock_rtx4060_patched\examples\demo_workspace\reports\monthly_scorecard_2026-05-02.md,Runtime/generated output; audit report records source instead,,4f1328c8bb238c097c49c63f4a7788418a7dd943714d51a546803e81ba903767,LOW,EXCLUDED_FROM_UNIFIED
208,C:\Users\jichu\Downloads\주식\workspaces\stock_rtx4060_patched\examples\demo_workspace\reports\risk_dashboard_2026-05-02.md,Runtime/generated output; audit report records source instead,,35bc77f658459d305a9e8699d18298d4153f8a7891f21d3a34bd7b2b2030843b,LOW,EXCLUDED_FROM_UNIFIED
209,C:\Users\jichu\Downloads\주식\workspaces\stock_rtx4060_patched\examples\demo_workspace\reports\track_l_thesis_2026-05-02.md,Runtime/generated output; audit report records source instead,,02090617f39aba9b660bd0fbb03bb690dc2de9667250ab82159382fdaa9038e8,LOW,EXCLUDED_FROM_UNIFIED
210,C:\Users\jichu\Downloads\주식\workspaces\stock_rtx4060_patched\reports\self_test_debug\environment_validation.json,Workspace/reference/runtime area not needed for single executable folder,,dfa4197dfaaa06d8d4ed46f2c4c33b6c181b4b30c72ad3b2780f6b41fa61db76,LOW,EXCLUDED_FROM_UNIFIED
211,C:\Users\jichu\Downloads\주식\workspaces\stock_rtx4060_patched\reports\self_test_debug\environment_validation.md,Workspace/reference/runtime area not needed for single executable folder,,6806b6dd4d0e4a6b099a9470e2da3c3beaeed083df0937da31353f5be8ab49a7,AMBER,EXCLUDED_FROM_UNIFIED
212,C:\Users\jichu\Downloads\주식\workspaces\stock_rtx4060_patched\stock_rtx4060\__pycache__\backtester.cpython-314.pyc,Cache/build artifact excluded after inventory,,eb587bb807e2d557d01cee8a44cb560a7969614f8a5e61a0d71409534e393094,LOW,EXCLUDED_FROM_UNIFIED
213,C:\Users\jichu\Downloads\주식\workspaces\stock_rtx4060_patched\stock_rtx4060\__pycache__\benchmark.cpython-314.pyc,Cache/build artifact excluded after inventory,,fb6b55664e752ef3c0b5d5e5d5e77e979784dc0923c9344bdf367faa65d98e5c,LOW,EXCLUDED_FROM_UNIFIED
214,C:\Users\jichu\Downloads\주식\workspaces\stock_rtx4060_patched\stock_rtx4060\__pycache__\data_loader.cpython-314.pyc,Cache/build artifact excluded after inventory,,d4821a75dbb5c338a3e861bdafcbffe1c5ee8eeb8ed7e46b7b4650bf8b70c0aa,LOW,EXCLUDED_FROM_UNIFIED
215,C:\Users\jichu\Downloads\주식\workspaces\stock_rtx4060_patched\stock_rtx4060\__pycache__\ensemble_model.cpython-314.pyc,Cache/build artifact excluded after inventory,,e804c95b4778998da944f3b2d257cf5a7dab7da30dbc90443ca29578a3c106c3,LOW,EXCLUDED_FROM_UNIFIED
216,C:\Users\jichu\Downloads\주식\workspaces\stock_rtx4060_patched\stock_rtx4060\__pycache__\feature_engine.cpython-314.pyc,Cache/build artifact excluded after inventory,,ddb68413ca2e743b84f27a735bf66f42fd78e710c150522554ecba5a77dd98c1,LOW,EXCLUDED_FROM_UNIFIED
217,C:\Users\jichu\Downloads\주식\workspaces\stock_rtx4060_patched\stock_rtx4060\__pycache__\hw_profile.cpython-314.pyc,Cache/build artifact excluded after inventory,,2713fa7bd7917a33517ed85181600cf47b9c73ac148c7fa849fccf705d12d03c,LOW,EXCLUDED_FROM_UNIFIED
218,C:\Users\jichu\Downloads\주식\workspaces\stock_rtx4060_patched\stock_rtx4060\__pycache__\main.cpython-314.pyc,Cache/build artifact excluded after inventory,,e7c038ba8357c8da0e0241fd760c790f98b9a296d0e01eeceb073598d4464dae,LOW,EXCLUDED_FROM_UNIFIED
219,C:\Users\jichu\Downloads\주식\workspaces\stock_rtx4060_patched\stock_rtx4060\__pycache__\reporting.cpython-314.pyc,Cache/build artifact excluded after inventory,,f5b3ae43c0f11972c87cfd1269d4a67b564f960580a64773290bdc12ec8e4154,LOW,EXCLUDED_FROM_UNIFIED
220,C:\Users\jichu\Downloads\주식\workspaces\stock_rtx4060_patched\stock_rtx4060\__pycache__\rules.cpython-314.pyc,Cache/build artifact excluded after inventory,,ba8cb4cda972c8c0b71c5a7b03ec4a598752ab09ebe6d10c9aa70be844888fcf,LOW,EXCLUDED_FROM_UNIFIED
221,C:\Users\jichu\Downloads\주식\workspaces\stock_rtx4060_patched\stock_rtx4060\__pycache__\__init__.cpython-314.pyc,Cache/build artifact excluded after inventory,,80aed694ac3f5caeefb126981a7f16f522977e894541db3d2ceebfcca337e3eb,LOW,EXCLUDED_FROM_UNIFIED
222,C:\Users\jichu\Downloads\주식\workspaces\stock_rtx4060_patched\tests\__pycache__\test_smoke.cpython-314.pyc,Cache/build artifact excluded after inventory,,b45dd431a9c253acc4fa602b2546f210c304794864360607d1a1d9d5f691c045,LOW,EXCLUDED_FROM_UNIFIED
223,C:\Users\jichu\Downloads\주식\workspaces\stock_rtx4060_patched\workspace_validation\benchmarks\benchmark_report.md,Runtime/generated output; audit report records source instead,,95ab7d75732079e94b6c7d1d7a9dcb49fa1ccb689101642de3464107bca5c977,LOW,EXCLUDED_FROM_UNIFIED
224,C:\Users\jichu\Downloads\주식\workspaces\stock_rtx4060_patched\workspace_validation\benchmarks\benchmark_result.json,Runtime/generated output; audit report records source instead,,9060e2714964a8a07ab58b3ba911340bea2fc9ea041dc78ecc5a82ed050292e7,LOW,EXCLUDED_FROM_UNIFIED
225,C:\Users\jichu\Downloads\주식\stock_rtx4060_algo_v2\ALGORITHM_PATCH_REPORT_2026.md,Source evidence contains legacy command syntax; quarantined outside active docs,,ccdd6af426040f18940166efd5140c266c0ea1925207d6e264c46bf24eb374e9,AMBER,REVIEW_NEEDED
226,C:\Users\jichu\Downloads\주식\stock_rtx4060_algo_v2\VALIDATION_LOG_ALGO_V2.txt,Source evidence contains legacy command syntax; quarantined outside active docs,,f4f0ed760c27e5dedfd02f3b9356af44ab833a8c58d2d8e691b1f187a8d99820,AMBER,REVIEW_NEEDED
227,C:\Users\jichu\Downloads\주식\stock_rtx4060_recommendation_patch\VALIDATION_LOG_RECOMMENDATION_PATCH.txt,Source evidence contains legacy command syntax; quarantined outside active docs,,3ec660033f54729abdb8446abfc9a2bf4e00477ca6ee51d2f8db37f509130a94,AMBER,REVIEW_NEEDED
